Division No.,Member Name,Constiituency,State,No of Days Member signed the register
496,Shri T R Baalu,Sriperumbudur,Tamil Nadu,18 
65,Prof. S  P Singh Baghel,Agra,Uttar Pradesh,16 
431,Shri Sudip Bandyopadhyay,Kolkata Uttar,West Bengal,20 
140,Shri Gangasandra Siddappa Basavaraj,Tumkur,Karnataka,17 
202,Shri Nand Kumar Singh Chauhan,Khandwa,Madhya Pradesh,12 
139,Shri Nihal Chand Chauhan,Ganganagar,Rajasthan,19 
498,Shri Adhir Ranjan Chowdhury,Baharampur,West Bengal,19 
291,"Delkar, Shri Mohan S.",Dadra and Nagar Haveli,Dadra and Nagar Haveli and Daman and Diu,20 
131,Smt. Maneka Sanjay Gandhi,Sultanpur,Uttar Pradesh,17 
497,Smt. Sonia Gandhi,Rae Bareli,Uttar Pradesh,12 
296,Ms.  Bhavana Gawali (Patil),Yavatmal-Washim,Maharashtra,6 
509,Shri S Jagathratchakan,Arakkonam,Tamil Nadu,12 
211,Shri Jai Prakash,Hardoi,Uttar Pradesh,12 
212,Shri Ramesh Chandappa Jigajinagi,Bijapur,Karnataka,19 
534,Smt. Preneet Kaur,Patiala,Punjab,18 
14,Dr. Faggan Singh Kulaste,Mandla,Madhya Pradesh,1 
360,Shri Bhartruhari Mahtab,Cuttack,Odisha,19 
88,Smt. Jaskaur Meena,Dausa,Rajasthan,20 
506,Shri K. Muraleedharan,Vadakara,Kerala,20 
213,Shri Jual Oram,Sundargarh,Odisha,20 
508,Shri S.S. Palanimanickam,Thanjavur,Tamil Nadu,8 
443,Shri Shriniwas Dadasaheb Patil,Satara,Maharashtra,17 
209,Shri V. Sreenivasa Prasad,Chamrajanagar,Karnataka,8 
502,Shri Raja A,Nilgiris,Tamil Nadu,19 
129,Shri Rajiv Pratap Rudy,Saran,Bihar,20 
215,Smt. Sangeeta Kumari Singh Deo,Bolangir,Odisha,17 
208,Shri Brijbhushan Sharan Singh,Kaiserganj,Uttar Pradesh,19 
286,Shri Radha Mohan Singh,Purvi Champaran,Bihar,19 
504,Shri Kodikunnil Suresh,Mavelikkara,Kerala,20 
520,Shri Su. Thirunavukkarasar,Tiruchirappalli,Tamil Nadu,17 
205,Shri Mansukhbhai Dhanjibhai Vasava,Bharuch,Gujarat,20 
83,Shri Rajesh Verma,Sitapur,Uttar Pradesh,17 
124,Dr. Virendra Kumar,Tikamgarh,Madhya Pradesh,19 
357,Shri Dinesh Chandra Yadav,Madhepura,Bihar,17 
455,Shri Mulayam Singh Yadav,Mainpuri,Uttar Pradesh,17 
460,Shri Akhilesh Yadav,Kannauj,Uttar Pradesh,3 
437,Prof. Sougata Ray,Dum Dum,West Bengal,19 
82,Shri Chhedi Paswan,Sasaram,Bihar,4 
455,Shri Muniyan Selvaraj,Nagapattinam,Tamil Nadu,16 
125,Shri Pankaj Choudhary,Maharajganj,Uttar Pradesh,20 
207,Dr. Swami Sachidanand Hari Sakshi,Unnao,Uttar Pradesh,20 
218,Shri Virendra Singh,Ballia,Uttar Pradesh,17 
381,Shri Sukhbir Singh Badal,Ferozpur,Punjab,5 
225,Shri Subhash Chandra Baheria,Bhilwara,Rajasthan,19 
461,Shri Shafiqur Rahman Barq,Sambhal,Uttar Pradesh,20 
85,Shri Chhatar Singh Darbar,Dhar,Madhya Pradesh,18 
141,Shri Anantkumar Hegde,Uttara Kannada,Karnataka,18 
356,Shri Pinaki Misra,Puri,Odisha,18 
511,Shri N K Premachandran,Kollam,Kerala,19 
216,Dr. Arvind Kumar Sharma,Rohtak,Haryana,18 
64,Shri Bhanu Pratap Singh Verma,Jalaun,Uttar Pradesh,19 
361,Shri Giridhari Yadav,Banka,Bihar,15 
206,Shri Ram Kripal Yadav,Pataliputra,Bihar,11 
470,Shri A. Ganeshamurthi,Erode,Tamil Nadu,18 
142,Smt. Rama Devi,Sheohar,Bihar,20 
358,Shri Magunta Sreenivasulu Reddy,Ongole,Andhra Pradesh,15 
438,Shri Francisco Cosme Sardinha,South Goa,Goa,17 
79,Shri Kirti Vardhan Singh,Gonda,Uttar Pradesh,19 
80,Shri Sushil Kumar Singh,Aurangabad,Bihar,19 
86,Shri Tapir Gao,Arunachal East,Arunachal Pradesh,20 
137,Shri Gowdar Mallikarjunappa Siddeshwara,Davanagere,Karnataka,11 
33,Shri Gaddigoudar Parvatagouda Chandanagouda,Bagalkot,Karnataka,20 
29,Shri Ganesh Singh,Satna,Madhya Pradesh,18 
22,Shri Rakesh Singh,Jabalpur,Madhya Pradesh,16 
217,Shri Dushyant Singh,Jhalawar-Baran,Rajasthan,18 
307,Shri Guharam Ajgalley,Janjgir-Champa,Chhattisgarh,19 
362,Shri Balashowry Vallabhaneni,Machilipatnam,Andhra Pradesh,15 
364,Shri Chandra Sekhar Sahu,Berhampur,Odisha,2 
505,Shri Rahul Gandhi,Rae Bareli,Uttar Pradesh,8 
448,Shri Subbarayan K,Tiruppur,Tamil Nadu,17 
444,Shri Asaduddin Owaisi,Hyderabad,Telangana,15 
148,Shri Ashok Kumar Rawat,Misrikh,Uttar Pradesh,16 
354,Shri Rajiv Ranjan Singh,Munger,Bihar,17 
507,Thiru Dayanidhi Maran,Chennai Central,Tamil Nadu,16 
390,Shri Afzal Ansari,Ghazipur,Uttar Pradesh,18 
516,Shri Abu Hasem Khan Choudhury,Maldaha Dakshin,West Bengal,19 
282,Smt. Agatha K. Sangma,Tura,Meghalaya,9 
36,Shri Rajendra Agrawal,Meerut,Uttar Pradesh,20 
222,Prof. (Dr.) Ram Shankar Katheria,Etawah,Uttar Pradesh,16 
226,Shri Feroze Varun Gandhi,Pilibhit,Uttar Pradesh,20 
144,Shri Jagdambika Pal,Domariyaganj,Uttar Pradesh,20 
300,Shri Kamlesh Paswan,Bansgaon,Uttar Pradesh,19 
325,Shri Pakauri Lal,Robertsganj,Uttar Pradesh,19 
37,Shri Nalin Kumar Kateel,Dakshina Kannada,Karnataka,9 
145,Shri P C Mohan,Bangalore Central,Karnataka,7 
359,Shri Nama Nageswara Rao,Khammam,Telangana,20 
35,Dr. Nishikant Dubey,Godda,Jharkhand,20 
147,Shri Pashupati Nath Singh,Dhanbad,Jharkhand,7 
223,Shri Sudarshan Bhagat,Lohardaga,Jharkhand,5 
99,Shri R.K. Singh Patel,Banda,Uttar Pradesh,16 
40,Shri Shivkumar Chanabasappa Udasi,Haveri,Karnataka,11 
525,Shri Vincent H. Pala,Shillong,Meghalaya,20 
46,Shri Lalubhai Babubhai Patel,Daman and Diu,Dadra and Nagar Haveli and Daman and Diu,14 
284,Shri Prataprao Ganpatrao Jadhav,Buldhana,Maharashtra,15 
501,Smt. Supriya Sule,Baramati,Maharashtra,15 
221,Shri Devji Mansingram Patel,Jalore,Rajasthan,14 
517,Shri Ravneet Singh,Ludhiana,Punjab,19 
513,Shri Manish Tewari,Chandigarh,Chandigarh,20 
389,Maulana Badruddin Ajmal,Dhubri,Assam,4 
146,Dr. (Prof.) Kirit Premjibhai Solanki,Ahmedabad West,Gujarat,20 
149,Shri Naranbhai Bhikhabhai Kachhadiya,Amreli,Gujarat,15 
68,Smt. Darshana Vikram Jardosh,Surat,Gujarat,17 
78,Shri Chandrakant Raghunath Patil,Navsari,Gujarat,18 
314,Shri Baidyanath Prasad Mahto,Valmiki Nagar,Bihar,14 
30,Dr. Sanjay Jaiswal,Paschim Champaran,Bihar,15 
160,Shri Pradeep Kumar Singh,Araria,Bihar,20 
365,Shri Kaushalendra Kumar,Nalanda,Bihar,20 
377,Shri Mahabali Singh,Karakat,Bihar,19 
441,Dr. Kakoli Ghosh Dastidar,Barasat,West Bengal,17 
485,Shri Choudhury Mohan Jatua,Mathurapur,West Bengal,16 
433,Shri Kalyan Banerjee,Sreerampur,West Bengal,15 
429,Shri Sisir Kumar Adhikari,Kanthi,West Bengal,7 
445,Smt. Satabdi Roy,Birbhum,West Bengal,18 
76,Shri Uday Pratap Singh,Hoshangabad,Madhya Pradesh,19 
447,Shri P.R. Natarajan,Coimbatore,Tamil Nadu,18 
434,Dr. Thirumaavalavan Tholkappiyan,Chidambaram,Tamil Nadu,11 
510,Shri Manickam Tagore B,Virudhunagar,Tamil Nadu,19 
522,Shri K Sudhakaran,Kannur,Kerala,16 
514,Shri M K Raghavan,Kozhikode,Kerala,16 
435,Shri E T Mohammed Basheer,Malappuram,Kerala,18 
439,Dr. Shashi Tharoor,Thiruvananthapuram,Kerala,20 
224,Shri B Y Raghavendra,Shimoga,Karnataka,5 
515,Shri Anto Antony,Pathanamthitta,Kerala,18 
220,Smt. Mala Rajya Laxmi Shah,Tehri Garhwal,Uttarakhand,19 
446,Shri Prasun Banerjee,Howrah,West Bengal,17 
521,Shri Doddalahalli Kempegowda Suresh,Bangalore Rural,Karnataka,19 
166,Shri Dharmendra Kumar Kashyap,Aonla,Uttar Pradesh,17 
157,Shri P P Chaudhary,Pali,Rajasthan,20 
34,Dr. Satya Pal Singh,Baghpat,Uttar Pradesh,20 
231,Shri Ramesh Chander Kaushik,Sonipat,Haryana,20 
42,Shri Satish Kumar Gautam,Aligarh,Uttar Pradesh,19 
97,Dr. Bhola Singh,Bulandshahr,Uttar Pradesh,20 
101,Shri Manoj Tiwari,North East Delhi,NCT of Delhi,15 
323,Choudhary Mehboob Ali Kaiser,Khagaria,Bihar,18 
94,Shri Sudheer Gupta,Mandsour,Madhya Pradesh,20 
67,Km. Shobha Karandlaje,Bangalore North,Karnataka,10 
214,Smt. Hema Malini,Mathura,Uttar Pradesh,10 
229,Shri Vinod Kumar Sonkar,Kaushambi,Uttar Pradesh,20 
27,Shri Bhagwanth Khuba,Bidar,Karnataka,14 
235,Shri Harish Dwivedi,Basti,Uttar Pradesh,15 
43,Shri Rajveer (Raju Bhaiya) Singh,Etah,Uttar Pradesh,19 
439,Shri Bhagwant Mann,Sangrur,Punjab,11 
240,Shri Janardan Singh Sigriwal,Maharajganj,Bihar,20 
158,Dr. Mahesh Sharma,Gautam Buddha Nagar,Uttar Pradesh,18 
228,Shri Dharambir Singh,Bhiwani-Mahendragarh,Haryana,19 
243,Shri Ajay Tamta,Almora,Uttarakhand,16 
39,Shri Rahul Kaswan,Churu,Rajasthan,19 
95,Shri Ramcharan Bohra,Jaipur,Rajasthan,18 
28,Shri Kapil Moreshwar Patil,Bhiwandi,Maharashtra,18 
302,Dr. Shrikant Eknath Shinde,Kalyan,Maharashtra,16 
156,Smt. Poonam  Pramod Mahajan,Mumbai-North-Central,Maharashtra,19 
161,Shri Gopal Chinayya Shetty,Mumbai-North,Maharashtra,20 
16,Smt. Anupriya Patel,Mirzapur,Uttar Pradesh,20 
420,Shri Rajan Baburao Vichare,Thane,Maharashtra,14 
314,Shri Devendra Singh Alias Bhole Singh,Akbarpur,Uttar Pradesh,18 
238,Kunwar Pushpendra Singh Chandel,Hamirpur,Uttar Pradesh,20 
237,Shri Mukesh Rajput,Farrukhabad,Uttar Pradesh,19 
84,Dr. Manoj Rajoria,Karauli-Dholpur,Rajasthan,19 
315,Shri Sukhbir Singh Jaunapuria,Tonk-Sawai Madhopur,Rajasthan,20 
227,Shri Chandra Prakash Joshi,Chittorgarh,Rajasthan,20 
304,Dr. Subhash Ramrao Bhamre,Dhule,Maharashtra,16 
100,Shri Sanjay(Kaka) Ramchandra Patil,Sangli,Maharashtra,12 
317,Shri Hemant Tukaram Godse,Nashik,Maharashtra,19 
355,Shri P V Midhun Reddy,Rajampet,Andhra Pradesh,17 
163,Shri Dipsinh Shankarsinh Rathod,Sabarkantha,Gujarat,20 
233,Shri Mohanbhai Kalyanji Kundariya,Rajkot,Gujarat,20 
150,Dr. Bharatiben Dhirubhai Shiyal,Bhavnagar,Gujarat,19 
25,Shri Ajay (Teni) Misra,Kheri,Uttar Pradesh,17 
320,Shri Srinivas Kesineni,Vijayawada,Andhra Pradesh,18 
234,Shri Rodmal Nagar,Rajgarh,Madhya Pradesh,20 
53,Shri Bidyut Baran Mahato,Jamshedpur,Jharkhand,4 
44,Shri Prathap Simha,Mysore,Karnataka,12 
321,Shri Sumedhanand Saraswati,Sikar,Rajasthan,19 
134,Shri Kaushal Kishore,Mohanlalganj,Uttar Pradesh,20 
134,Smt. Riti Pathak,Sidhi,Madhya Pradesh,20 
281,Shri Arvind Ganpat Sawant,Mumbai South,Maharashtra,20 
159,Shri Ajay Nishad,Muzaffarpur,Bihar,18 
,Shri Om Birla,Kota,Rajasthan,1 
69,Smt. Meenakashi Lekhi,New Delhi,NCT of Delhi,19 
12,Dr. Jitendra Singh,Udhampur,Jammu and Kashmir,19 
242,Shri Jugal Kishore,Jammu,Jammu and Kashmir,19 
155,Smt. Raksha Nikhil Khadse,Raver,Maharashtra,15 
96,Shri Janardan Mishra,Rewa,Madhya Pradesh,20 
305,Shri Vishnu Dayal Ram,Palamu,Jharkhand,8 
318,Shri Sadashiv Kisan Lokhande,Shirdi,Maharashtra,14 
309,Shri Krupal Balaji Tumane,Ramtek,Maharashtra,17 
341,Shri Sanjay Haribhau Jadhav,Parbhani,Maharashtra,15 
313,Shri Chavda Vinod Lakhamshi,Kachchh,Gujarat,18 
32,Shri Sanganna Amarappa Karadi,Koppal,Karnataka,10 
136,Shri Rameswar Teli,Dibrugarh,Assam,17 
98,Shri Ashok Mahadeorao Nete,Gadchiroli-Chimur,Maharashtra,19 
306,Shri Sunil Kumar Singh,Chatra,Jharkhand,5 
89,Smt. Poonamben Hematbhai Maadam,Jamnagar,Gujarat,18 
236,Shri Lallu Singh,Faizabad,Uttar Pradesh,20 
316,Shri Arjunlal Meena,Udaipur,Rajasthan,20 
369,Shri Bheemrao Baswanthrao Patil,Zahirabad,Telangana,20 
87,Shri Parbhubhai Nagarbhai Vasava,Bardoli,Gujarat,15 
93,Shri Parvesh Sahib Singh,West Delhi,NCT of Delhi,19 
62,Shri Ram Swaroop Sharma,Mandi,Himachal Pradesh,19 
289,Shri Vinayak Bhaurao Raut,Ratnagiri-Sindhudurg,Maharashtra,15 
45,Shri Jayant Sinha,Hazaribagh,Jharkhand,4 
319,Shri Jayadev Galla,Guntur,Andhra Pradesh,18 
311,Shri Kinjarapu Rammohan Naidu,Srikakulam,Andhra Pradesh,17 
426,Shri Naba (Hira) Kumar Sarania,Kokrajhar,Assam,19 
90,Smt. Kirron Kher,Chandigarh,Chandigarh,19 
283,Shri Chirag Paswan,Hajipur,Bihar,15 
301,Shri Shrirang Appa Chandu Barne,Maval,Maharashtra,19 
53,Col. Rajyavardhan Singh Rathore,Jaipur Rural,Rajasthan,14 
497,Shri Santokh Singh Chaudhary,Jalandhar,Punjab,18 
464,Shri Faizal P.P. Mohammed,Lakshadweep,Lakshadweep,11 
153,Dr. Heena Vijaykumar Gavit,Nandurbar,Maharashtra,16 
503,Shri Gaurav Gogoi,Jorhat,Assam,15 
371,Shri Santosh Kumar,Purnia,Bihar,17 
210,Shri S.S. Ahluwalia,Bardhaman-Durgapur,West Bengal,14 
406,Shri Y S Avinash Reddy,Kadapa,Andhra Pradesh,11 
164,Dr. K. C. Patel,Valsad,Gujarat,18 
436,Shri Abhishek Banerjee,Diamond Harbour,West Bengal,1 
452,Smt. Aparupa Poddar,Arambagh,West Bengal,18 
460,Shri Adhikari Deepak Dev,Ghatal,West Bengal,3 
38,Shri Ramesh Bidhuri,South Delhi,NCT of Delhi,18 
232,Shri Jaswantsinh Sumanbhai Bhabhor,Dahod,Gujarat,17 
26,Shri Devusinh Chauhan,Kheda,Gujarat,15 
165,Shri Chudasama Rajeshbhai Naranbhai,Junagadh,Gujarat,20 
418,Shri Sunil Kumar Mondal,Bardhaman Purba,West Bengal,20 
458,Smt. Pratima Mondal,Jaynagar,West Bengal,20 
241,Shri Saumitra Khan,Bishnupur,West Bengal,19 
239,Shri Ravindra Kushawaha,Salempur,Uttar Pradesh,19 
278,"Shewale, Shri Rahul Ramesh",Mumbai South-Central,Maharashtra,18 
297,Shri Ramdas Chandrabhanji Tadas,Wardha,Maharashtra,18 
151,Smt. Rekha Arun Verma,Dhaurahra,Uttar Pradesh,19 
295,Shri Gajanan Chandrakant Kirtikar,Mumbai-North-West,Maharashtra,14 
363,Shri Kotha Prabhakar Reddy,Medak,Telangana,14 
91,Smt. Ranjanben Dhananjay Bhatt,Vadodara,Gujarat,15 
152,Dr. Pritam Gopinath Rao Munde,Beed,Maharashtra,16 
391,Shri Dayakar Pasunoori,Warangal,Telangana,17 
230,Shri Pradan Baruah,Lakhimpur,Assam,18 
430,Shri Dibyendu Adhikari,Tamluk,West Bengal,7 
524,Shri Gurjeet Singh Aujla,Amritsar,Punjab,18 
463,Shri Kunhalikutty P.K.,Malappuram,Kerala,15 
451,Smt. Sajda Ahmed,Uluberia,West Bengal,14 
197,Shri Praveen Kumar Nishad,Sant Kabir Nagar,Uttar Pradesh,18 
310,Shri Rajendra Dhedya Gavit,Palghar,Maharashtra,16 
288,Shri Tokheho Yepthomi,Nagaland,Nagaland,15 
533,Shri H. Vasanthakumar,Kanniyakumari,Tamil Nadu,16 
480,Shri S. Gnanathiraviam,Tirunelveli,Tamil Nadu,18 
537,Dr. K. Jayakumar,Tiruvallur,Tamil Nadu,17 
479,Shri Dhanush M Kumar,Tenkasi,Tamil Nadu,20 
512,Dr. Kalanidhi Veeraswamy,Chennai North,Tamil Nadu,19 
500,Smt. Kanimozhi Karunanidhi,Thoothukkudi,Tamil Nadu,17 
465,Dr. T Sumathy Alias Thamizhachi Thangapandian,Chennai South,Tamil Nadu,19 
532,Shri Navaskani K,Ramanathapuram,Tamil Nadu,13 
494,Shri Selvam G,Kancheepuram,Tamil Nadu,20 
294,Shri P. Ravindhranath,Theni,Tamil Nadu,10 
454,Shri S Venkatesan,Madurai,Tamil Nadu,20 
531,Dr. A. Chellakumar,Krishnagiri,Tamil Nadu,13 
542,Shri Karti P Chidambaram,Sivaganga,Tamil Nadu,17 
457,"DNV Senthilkumar S, Dr.",Dharmapuri,Tamil Nadu,20 
493,Shri C N Annadurai,Tiruvannamalai,Tamil Nadu,16 
551,Shri T.R.V.S. Ramesh,Cuddalore,Tamil Nadu,17 
545,Dr. M K Vishnu Prasad,Cuddalore,Tamil Nadu,17 
477,Dr. D Ravi Kumar,Viluppuram,Tamil Nadu,17 
442,Shri Sellaperumal Ramalingam,Mayiladuthurai,Tamil Nadu,12 
519,Dr. Gautham Sigamani Pon,Kallakurichi,Tamil Nadu,18 
495,Shri S.R. Parthiban,Salem,Tamil Nadu,20 
549,Shri P. Velusamy,Dindigul,Tamil Nadu,20 
550,Shri K. Shanmuga Sundaram,Pollachi,Tamil Nadu,14 
478,Shri A.K.P. Chinraj,Namakkal,Tamil Nadu,13 
490,Dr. T. R. Paarivendhar,Perambalur,Tamil Nadu,19 
484,Ms. S Jothimani,Karur,Tamil Nadu,16 
195,Shri Rebati Tripura,Tripura East,Tripura,20 
66,Km. Pratima Bhoumik,Tripura West,Tripura,11 
411,Smt. Pramila Bisoyi,Aska,Odisha,20 
187,Shri Suresh Kumar Pujari,Bargarh,Odisha,14 
410,Smt. Manjulata Mandal,Bhadrak,Odisha,19 
167,Smt. Aparajita Sarangi,Bhubaneswar,Odisha,19 
392,Shri Mahesh Sahoo,Dhenkanal,Odisha,15 
401,Dr. Rajashree Mallick,Jagatsinghpur,Odisha,16 
402,Smt. Sarmistha Kumari Sethi,Jajpur,Odisha,10 
337,Shri Basanta Kumar Panda,Kalahandi,Odisha,15 
370,Shri Achyutananda Samanta,Kandhamal,Odisha,17 
376,Shri Anubhav Mohanty,Kendrapara,Odisha,18 
423,Ms. Chandrani Murmu,Keonjhar,Odisha,13 
471,Shri Saptagiri Sankar Ulaka,Koraput,Odisha,20 
74,Shri Bishweswar Tudu,Mayurbhanj,Odisha,12 
384,Shri Ramesh Chandra Majhi,Nabarangpur,Odisha,15 
172,Shri Nitesh Ganga Deb,Sambalpur,Odisha,20 
73,Dr. Ranjan Singh Rajkumar,Inner Manipur,Manipur,20 
287,Dr. Lorho S. Pfoze,Outer Manipur,Manipur,17 
81,Shri Tirath Singh Rawat,Garhwal,Uttarakhand,20 
23,Shri Ajay Bhatt,Nainital-Udhamsingh Nagar,Uttarakhand,20 
469,Shri Hasnain Masoodi,Anantnag,Jammu and Kashmir,11 
486,Shri Mohammad Akbar Lone,Baramulla,Jammu and Kashmir,12 
253,Shri Jamyang Tsering Namgyal,Ladakh,Ladakh,19 
272,Shri Vijay Baghel,Durg,Chhattisgarh,19 
539,Shri Deepak Baij,Bastar,Chhattisgarh,19 
332,Shri Arun Sao,Bilaspur,Chhattisgarh,20 
247,Shri Mohan Mandavi,Kanker,Chhattisgarh,20 
481,Smt. Jyotsna Charandas Mahant,Korba,Chhattisgarh,17 
248,Shri Chunni Lal Sahu,Mahasamund,Chhattisgarh,19 
221,Smt. Gomati Sai,Raigarh,Chhattisgarh,16 
273,Shri Sunil Kumar Soni,Raipur,Chhattisgarh,14 
276,Shri Santosh Pandey,Rajnandgaon,Chhattisgarh,14 
179,Shri Hasmukhbhai Somabhai Patel,Ahmedabad East,Gujarat,17 
178,Shri Mitesh Patel Bakabhai,Anand,Gujarat,14 
324,Shri Parbatbhai Savabhai Patel,Banaskantha,Gujarat,20 
104,Smt. Gitaben Vajesingbhai Rathva,Chhota Udaipur,Gujarat,19 
103,Smt. Sharda Anilkumar Patel,Mahesana,Gujarat,18 
56,Shri Ratansinh Magansinh Rathod,Panchmahal,Gujarat,18 
180,Shri Bharatsinhji Shankarji Dabhi,Patan,Gujarat,12 
115,Shri Horen Sing Bey,Autonomous District,Assam,17 
252,Shri Rameshbhai Lavjibhai Dhaduk,Porbandar,Gujarat,13 
76,Dr. Mahendrabhai Kalubhai Munjpara,Surendranagar,Gujarat,20 
334,Shri Brijendra Singh,Hisar,Haryana,20 
48,Shri Sanjay Bhatia,Karnal,Haryana,20 
120,Shri Nayab Singh,Kurukshetra,Haryana,17 
107,Smt. Sunita Duggal,Sirsa,Haryana,20 
176,Shri Gautam Gambhir,East Delhi,NCT of Delhi,17 
244,Shri Hans Raj Hans,North West Delhi,NCT of Delhi,2 
77,Shri John Barla,Alipurduars,West Bengal,20 
258,Dr. Sukanta Majumdar,Balurghat,West Bengal,20 
75,Shri Shantanu Thakur,Bangaon,West Bengal,20 
72,Dr. Subhas Sarkar,Bankura,West Bengal,19 
349,Shri Arjun Singh,Barrackpur,West Bengal,19 
467,Ms. Nussrat Jahan,Basirhat,West Bengal,11 
475,Shri Asit Kumar Mal,Bolpur,West Bengal,18 
135,Shri Nisith Pramanik,Coochbehar,West Bengal,20 
262,Shri Raju Bista,Darjeeling,West Bengal,19 
109,Smt. Locket Chatterjee,Hooghly,West Bengal,20 
468,Ms. Mimi Chakraborty,Jadavpur,West Bengal,7 
257,Dr. Jayanta Kumar Roy,Jalpaiguri,West Bengal,20 
417,Shri Khalilur Rahaman,Jangipur,West Bengal,13 
260,Shri Kunar Hembram,Jhargram,West Bengal,20 
459,Smt. Mala Roy,Kolkata Dakshin,West Bengal,18 
466,Ms Mahua Moitra,Krishnanagar,West Bengal,14 
263,Shri Khagen Murmu,Maldaha Uttar,West Bengal,19 
168,Shri Dilip Ghosh,Medinipur,West Bengal,16 
476,Md Abu Taher Khan,Murshidabad,West Bengal,11 
186,Shri Jyotirmay Singh Mahato,Purulia,West Bengal,17 
259,Shri Jagannath Sarkar,Ranaghat,West Bengal,20 
261,Dr. Dhal Singh Bisen,Balaghat,Madhya Pradesh,20 
348,Shri Durgadas D D Uikey,Betul,Madhya Pradesh,20 
52,Smt. Sandhya Ray,Bhind,Madhya Pradesh,19 
199,Sadhvi Pragya Singh Thakur,Bhopal,Madhya Pradesh,18 
492,Shri Nakul K. Nath,Chhindwara,Madhya Pradesh,14 
344,Shri Mahendra Singh Solanky,Dewas,Madhya Pradesh,20 
345,Dr. Krishnapal Singh Yadav,Guna,Madhya Pradesh,20 
113,Shri Vivek Narayan Shejwalkar,Gwalior,Madhya Pradesh,19 
264,Shri Shankar Lalwani,Indore,Madhya Pradesh,20 
251,Shri Vishnu Datt Sharma,Khajuraho,Madhya Pradesh,20 
347,Shri Gajendra  Singh Patel,Khargone,Madhya Pradesh,14 
346,Shri Guman Singh Damor,Ratlam,Madhya Pradesh,18 
343,Shri Rajbahadur Singh,Sagar,Madhya Pradesh,19 
102,Smt. Himadri Singh,Shahdol,Madhya Pradesh,20 
112,Shri Anil Firojiya,Ujjain,Madhya Pradesh,15 
342,Shri Ramakant Bhargava,Vidisha,Madhya Pradesh,14 
245,Shri Soyam Bapu Rao,Adilabad,Telangana,18 
543,Shri Komati Reddy Venkat Reddy,Bhongir,Telangana,7 
409,Dr. Gaddam Ranjith Reddy,Chevella,Telangana,19 
122,Shri Bandi Sanjay Kumar,Karimnagar,Telangana,18 
400,Smt. Kavitha Maloth,Mahabubabad,Telangana,17 
383,Shri Srinivas Reddy Manne,Mahabubnagar,Telangana,14 
536,Shri Anumula Revanth Reddy,Malkajgiri,Telangana,14 
375,Shri Ramulu Pothuganti,Nagarkurnool,Telangana,20 
529,Shri Uttam Kumar Nalamada Reddy,Nalgonda,Telangana,19 
246,Shri Arvind Dharmapuri,Nizamabad,Telangana,20 
422,Shri Venkatesh Netha Borlakunta,Peddapalle,Telangana,17 
397,Smt.  Chinta Anuradha,Amalapuram,Andhra Pradesh,15 
395,Dr. Venkata Satyavathi Beesetti,Anakapalle,Andhra Pradesh,19 
407,Dr. Talari Rangaiah,Anantapur,Andhra Pradesh,20 
396,Smt. Goddeti Madhavi,Araku,Andhra Pradesh,18 
373,Shri Nandigam Suresh,Bapatla,Andhra Pradesh,15 
387,Shri Reddeppa Nallakonda Gari,Chittoor,Andhra Pradesh,19 
372,Shri Kotagiri Sridhar,Eluru,Andhra Pradesh,15 
415,Shri Kuruva Gorantla Madhav,Hindupur,Andhra Pradesh,19 
367,Smt. Geetha Viswanath Vanga,Kakinada,Andhra Pradesh,17 
414,Dr. Sanjeev Kumar Singari,Kurnool,Andhra Pradesh,15 
416,Shri Pocha Brahmananda Reddy,Nandyal,Andhra Pradesh,18 
380,Shri Lavu Sri Krishna Devarayalu,Narasaraopet,Andhra Pradesh,19 
428,Shri Raghu Ramakrishna Raju Kanumuru,Narsapuram,Andhra Pradesh,20 
366,Shri Bharat Ram Margani,Rajahmundry,Andhra Pradesh,14 
427,Shri M V V Satyanarayana,Visakhapatnam,Andhra Pradesh,14 
379,Shri Adala Prabhakara Reddy,Nellore,Andhra Pradesh,18 
401,Shri Durga Prasad Rao Balli,Tirupati,Andhra Pradesh,15 
405,Shri Chandra Sekhar Bellana,Vizianagaram,Andhra Pradesh,19 
473,Shri Abdul Khaleque,Barpeta,Assam,20 
106,Smt. Queen Oja,Gauhati,Assam,17 
332,Shri Topon Kumar Gogoi,Jorhat,Assam,19 
116,Shri Kripanath Mallah,Karimganj,Assam,15 
331,Shri Dilip Saikia,Darrang Udalguri,Assam,9 
528,Shri Pradyut Bordoloi,Nagaon,Assam,19 
275,Dr. Rajdeep Roy,Silchar,Assam,18 
274,Shri Pallab Lochan Das,Tezpur,Assam,17 
293,Dr. Indra Hang Subba,Sikkim,Sikkim,14 
119,Shri Kishan Kapoor,Kangra,Himachal Pradesh,20 
336,Shri Suresh Kumar Kashyap,Shimla,Himachal Pradesh,20 
188,Shri Sunil Soren,Dumka,Jharkhand,9 
63,Smt. Annpurna Devi,Kodarma,Jharkhand,3 
250,Shri Sanjay Seth,Ranchi,Jharkhand,3 
482,Smt. Geeta Kora,Singhbhum,Jharkhand,1 
491,Shri Kuldeep Rai Sharma,Andaman and Nicobar Islands,Andaman and Nicobar Islands,19 
523,Shri Ve Vaithilingam,Puducherry,Puducherry,13 
453,Adv. A. M. Ariff,Alappuzha,Kerala,19 
483,Ms. Ramya Haridas,Alathur,Kerala,19 
530,Adv. Adoor Prakash,Attingal,Kerala,20 
526,Shri Benny Behanan,Chalakudy,Kerala,17 
538,Shri Hibi Eden,Ernakulam,Kerala,18 
544,Adv Dean Kuriakose,Idukki,Kerala,19 
541,Shri Rajmohan Unnithan,Kasaragod,Kerala,17 
546,Shri V K Sreekandan,Palakkad,Kerala,18 
540,Shri T.N. Prathapan,Thrissur,Kerala,19 
456,Shri Thomas Chazhikadan,Kottayam,Kerala,17 
92,Prof. Rita Bahuguna Joshi,Allahabad,Uttar Pradesh,14 
399,Shri Ritesh Pandey,Ambedkar Nagar,Uttar Pradesh,19 
382,Kunwar Danish Ali,Amroha,Uttar Pradesh,19 
50,Dr. Sanghamitra Maurya,Badaun,Uttar Pradesh,20 
175,Shri Akshaibar Lal,Bahraich,Uttar Pradesh,16 
191,Shri Upendra Singh Rawat,Barabanki,Uttar Pradesh,15 
194,"Bind, Dr. Ramesh Chand",Bhadohi,Uttar Pradesh,20 
374,Shri Malook Nagar,Bijnor,Uttar Pradesh,20 
177,Dr. Ramapati Ram Tripathi,Deoria,Uttar Pradesh,19 
196,Shri Rajkumar Chahar,Fatehpur Sikri,Uttar Pradesh,20 
254,Shri Ravindra Shukla Alias Ravi Kishan,Gorakhpur,Uttar Pradesh,16 
169,Shri Rajveer Diler,Hathras,Uttar Pradesh,20 
390,Shri Shyam Singh Yadav,Jaunpur,Uttar Pradesh,19 
174,Shri Anurag Sharma,Jhansi,Uttar Pradesh,19 
198,Shri Pradeep Kumar Chaudhary,Kairana,Uttar Pradesh,20 
333,Shri Subrat Pathak,Kannauj,Uttar Pradesh,17 
189,Shri Vijay Kumar Dubey,Kushi Nagar,Uttar Pradesh,16 
290,Smt. Sangeeta Azad,Lalganj,Uttar Pradesh,19 
190,Shri  Bholanath (B.P. Saroj),Machhlishahr,Uttar Pradesh,20 
462,Dr. S.T. Hasan,Moradabad,Uttar Pradesh,14 
285,Shri Girish Chandra,Nagina,Uttar Pradesh,19 
51,Smt. Keshari Devi Patel,Phulpur,Uttar Pradesh,20 
193,Shri Sangamlal Kadedin Gupta,Pratapgarh,Uttar Pradesh,18 
514,Shri Mohammad Azam Khan,Rampur,Uttar Pradesh,14 
408,Shri Haji Fazlur Rehman,Saharanpur,Uttar Pradesh,10 
173,Shri Arun Kumar Sagar,Shahjahanpur,Uttar Pradesh,19 
368,Shri Ram Shiromani Verma,Shrawasti,Uttar Pradesh,20 
548,Shri Jasbir Singh Gill,Khadoor Sahib,Punjab,20 
322,Shri Sunny Deol,Gurdaspur,Punjab,13 
552,Mohammad Sadique,Faridkot,Punjab,10 
533,Dr. Amar Singh,Fatehgarh Sahib,Punjab,19 
424,Shri Ajay Kumar Mandal,Bhagalpur,Bihar,2 
184,Shri Devendrappa Y,Bellary,Karnataka,10 
54,Shri Bache Gowda B.N.,Chikkballapur,Karnataka,3 
55,Shri Annasaheb Shankar Jolle,Chikkodi,Karnataka,8 
133,Shri Narayana Swamy Abbaiah,Chitradurga,Karnataka,8 
118,Shri Gopal Jee Thakur,Darbhanga,Bihar,20 
412,Shri Vijay Kumar,Gaya,Bihar,14 
181,Dr. Umesh G. Jadhav,Gulbarga,Karnataka,17 
182,Shri S. Muniswamy,Kolar,Karnataka,10 
111,Smt. Sumalatha Ambareesh,Mandya,Karnataka,12 
183,Shri Raja Amareshwara Naik,Raichur,Karnataka,20 
121,Shri Tejasvi Surya,Bangalore South,Karnataka,15 
488,Shri Prajwal Revanna,Hassan,Karnataka,5 
329,Shri Hemant Shriram Patil,Hingoli,Maharashtra,15 
487,Dr. Amol Ramsing Kolhe,Shirur,Maharashtra,11 
271,Shri Unmesh Bhaiyyasaheb Patil,Jalgaon,Maharashtra,15 
339,Shri Dhairyasheel Sambhajirao Mane,Hatkanangle,Maharashtra,12 
114,Shri Sunil Baburao Mendhe,Bhandara-Gondiya,Maharashtra,20 
340,Shri Omprakash Bhupalsinh Alias Pavan Rajenimbalkar,Osmanabad,Maharashtra,18 
522,Shri Balubhau Narayanrao (Alias Suresh) Dhanorkar,Chandrapur,Maharashtra,12 
219,Smt Navneet Ravi Rana,Amravati,Maharashtra,16 
330,Prof. Sanjay Sadashivrao Mandlik,Kolhapur,Maharashtra,11 
267,Shri Ranjeetsingh Naik Nimbalkar,Madha,Maharashtra,6 
270,Dr. Jaisiddeshwar Shivacharya Mahaswamiji,Solapur,Maharashtra,16 
266,Shri Sudhakar Tukaram Shrangare,Latur,Maharashtra,19 
265,Dr. Sujay Radhakrishna Vikhepatil,Ahmednagar,Maharashtra,18 
268,Shri Prataprao  Patil Chikhalikar,Nanded,Maharashtra,16 
268,Shri Girish Bhalchandra Bapat,Pune,Maharashtra,17 
326,Shri Tatkare Sunil Dattatrey,Raigad,Maharashtra,13 
472,"Syed Imtiaz Jaleel, Shri",Aurangabad,Maharashtra,18 
71,Dr. Bharati Pravin Pawar,Dindori,Maharashtra,19 
269,Shri Manoj Kishorbhai Kotak,Mumbai-North-East,Maharashtra,20 
171,Shri Bhagirath Choudhary,Ajmer,Rajasthan,20 
170,Shri Balak Nath,Alwar,Rajasthan,13 
398,Shri Hanuman Beniwal,Nagaur,Rajasthan,19 
162,Shri Kanakmal Katara,Banswara,Rajasthan,18 
49,Smt. Ranjeeta Koli,Bharatpur,Rajasthan,20 
222,Km. Diya Kumari,Rajsamand,Rajasthan,19 
335,Shri Narendra Kumar,Jhunjhunu,Rajasthan,16 
393,Dr. Alok Kumar Suman,Gopalganj,Bihar,16 
277,Shri Pashupati Kumar Paras,Hajipur,Bihar,14 
404,Shri Chandeshwar Prasad,Jahanabad,Bihar,11 
386,Shri Ramprit Mandal,Jhanjharpur,Bihar,17 
385,Shri Dulal Chandra Goswami,Katihar,Bihar,19 
527,Dr. Mohammad Jawed,Kishanganj,Bihar,20 
117,Shri Ashok Kumar Yadav,Madhubani,Bihar,19 
312,Shri Chandan Singh,Nawada,Bihar,15 
403,Shri  Sunil Kumar Pintu,Sitamarhi,Bihar,12 
394,Smt. Kavita Singh,Siwan,Bihar,15 
378,Shri Dileshwar Kamait,Supaul,Bihar,20 
308,Smt. Veena Devi,Vaishali,Bihar,18 
185,Dr. Jadon Chandra Sen,Firozabad,Uttar Pradesh,20 
192,Shri Satyadev Pachauri,Kanpur,Uttar Pradesh,18 
291,Shri C. Lalrosanga,Mizoram,Mizoram,15 
518,Thiru D M Kathir Anand,Vellore,Tamil Nadu,18 
292,Shri  Prince Raj,Samastipur,Bihar,19 
130,Shri Santosh Kumar Gangwar,Bareilly,Uttar Pradesh,0 
56,Shri Rattan Lal Kataria,Ambala,Haryana,0 
13,Shri Shripad Yesso Naik,North Goa,Goa,0 
189,Shri Prahlad Singh Patel,Damoh,Madhya Pradesh,0 
127,Shri Raosaheb Dadarao Danve,Jalna,Maharashtra,0 
432,Dr. Farooq Abdullah,Srinagar,Jammu and Kashmir,0 
126,Shri Rao Inderjit Singh,Gurgaon,Haryana,0 
9,Shri Kiren Rijiju,Arunachal West,Arunachal Pradesh,0 
202,Shri Devaragunda Venkappa Sadananda Gowda,Bangalore North,Karnataka,0 
7,Shri Pralhad Joshi,Dharwad,Karnataka,0 
105,Shri Suresh Chanabasappa Angadi,Belgaum,Karnataka,0 
47,Shri Sanjay Shamrao Dhotre,Akola,Maharashtra,0 
61,Shri Anurag Singh Thakur,Hamirpur,Himachal Pradesh,0 
2,Shri Rajnath Singh,Lucknow,Uttar Pradesh,0 
200,Shri Arjun Munda,Khunti,Jharkhand,0 
11,Shri Arjun Ram Meghwal,Bikaner,Rajasthan,0 
303,Smt. Harsimrat Kaur Badal,Bathinda,Punjab,0 
5,Shri Narendra Singh Tomar,Morena,Madhya Pradesh,0 
1,Shri Narendra Modi,Varanasi,Uttar Pradesh,0 
18,Dr. Vijay Kumar Singh General (Retd.),Ghaziabad,Uttar Pradesh,0 
22,Sadhvi Niranjan Jyoti,Fatehpur,Uttar Pradesh,0 
21,Shri Nityanand Rai,Ujiarpur,Bihar,0 
19,Shri Krishan Pal Gurjar,Faridabad,Haryana,0 
62,Shri Giriraj Singh,Begusarai,Bihar,0 
128,Shri Ashwini Kumar Choubey,Buxar,Bihar,0 
10,Shri Raj Kumar Singh,Arrah,Bihar,0 
8,Shri Gajendra Singh Shekhawat,Jodhpur,Rajasthan,0 
25,Shri  Babul Supriyo,Asansol,West Bengal,0 
204,Dr. Ramesh Pokhriyal Nishank,Hardwar,Uttarakhand,0 
203,Dr.  Harsh Vardhan,Chandni Chowk,NCT of Delhi,0 
449,Shri Vijay Kumar Hansdak,Rajmahal,Jharkhand,0 
60,Dr. Mahendra Nath Pandey,Chandauli,Uttar Pradesh,0 
20,Dr. Sanjeev Kumar Balyan,Muzaffarnagar,Uttar Pradesh,0 
4,Shri Nitin Jairam Gadkari,Nagpur,Maharashtra,0 
41,Shri Pratap Chandra Sarangi,Balasore,Odisha,0 
70,Smt. Renuka Singh,Surguja,Chhattisgarh,0 
3,Shri Amit Shah,Gandhinagar,Gujarat,0 
143,Km. Debasree Chaudhuri,Raiganj,West Bengal,0 
201,Shri G Kishan Reddy,Secunderabad,Telangana,0 
298,Shri Chandra Prakash Choudhary,Giridih,Jharkhand,0 
123,Smt. Smriti Zubin Irani,Amethi,Uttar Pradesh,0 
421,Shri Atul Rai,Ghosi,Uttar Pradesh,0 
24,Shri Som Parkash,Hoshiarpur,Punjab,0 
132,Shri Kailash Choudhary,Barmer,Rajasthan,0 
138,Shri Ravi Shankar Prasad,Patna Sahib,Bihar,0 
